Date,Activity,Quantity,Symbol,Price,Amount
12/26/2017,Deposit,0,,$0.00 ,$500.00 
12/29/2017,Bought,2,VOO,$246.76 ,($498.47)
3/29/2018,Dividend,0,VOO,$0.00 ,$2.17 
7/3/2018,Dividend,0,VOO,$0.00 ,$2.31 
10/1/2018,Dividend,0,VOO,$0.00 ,$2.41 
12/20/2018,Dividend,0,VOO,$0.00 ,$2.58 
3/26/2019,Dividend,0,VOO,$0.00 ,$2.91 
5/31/2019,Deposit,0,,$0.00 ,$500.00 
6/6/2019,Deposit,0,,$0.00 ,$20.00 
6/20/2019,Deposit,0,,$0.00 ,$20.00 
7/2/2019,Dividend,0,VOO,$0.00 ,$2.77 
7/5/2019,Deposit,0,,$0.00 ,$20.00 
7/18/2019,Deposit,0,,$0.00 ,$20.00 
8/1/2019,Deposit,0,,$0.00 ,$20.00 
8/15/2019,Deposit,0,,$0.00 ,$20.00 
8/29/2019,Deposit,0,,$0.00 ,$20.00 
9/12/2019,Deposit,0,,$0.00 ,$20.00 
9/23/2019,Bought,2,VOO,$274.59 ,($549.18)
9/26/2019,Deposit,0,,$0.00 ,$20.00 
10/1/2019,Dividend,0,VOO,$0.00 ,$5.21 
10/10/2019,Deposit,0,,$0.00 ,$20.00 
10/24/2019,Deposit,0,,$0.00 ,$20.00 
11/7/2019,Deposit,0,,$0.00 ,$20.00 
11/19/2019,Bought,2,BND,$84.10 ,($168.20)
11/21/2019,Deposit,0,,$0.00 ,$20.00 
12/5/2019,Dividend,0,BND,$0.00 ,$0.36 
12/5/2019,Deposit,0,,$0.00 ,$20.00 
12/19/2019,Deposit,0,,$0.00 ,$20.00 
12/20/2019,Sold,-2,VOO,$296.40 ,$592.77 
12/24/2019,Withdrawal,0,,$0.00 ,($697.64)
12/27/2019,Dividend,0,VOO,$0.00 ,$2.86 
12/27/2019,Dividend,0,BND,$0.00 ,$0.37 
1/2/2020,Deposit,0,,$0.00 ,$20.00 
1/2/2020,Deposit,0,,$0.00 ,$20.00 
1/7/2020,Withdrawal,0,,$0.00 ,($20.00)
1/16/2020,Deposit,0,,$0.00 ,$20.00 
1/30/2020,Deposit,0,,$0.00 ,$20.00 
2/3/2020,Deposit,0,,$0.00 ,$20.00 
2/6/2020,Dividend,0,BND,$0.00 ,$0.37 
3/2/2020,Deposit,0,,$0.00 ,$20.00 
3/5/2020,Dividend,0,BND,$0.00 ,$0.35 
3/13/2020,Dividend,0,VOO,$0.00 ,$2.36 
3/17/2020,Bought,5,ALLY,$16.42 ,($82.10)
4/2/2020,Deposit,0,,$0.00 ,$20.00 
4/6/2020,Dividend,0,BND,$0.00 ,$0.38 
5/4/2020,Deposit,0,,$0.00 ,$20.00 
5/6/2020,Dividend,0,BND,$0.00 ,$0.35 
5/15/2020,Dividend,0,ALLY,$0.00 ,$0.95 
6/2/2020,Deposit,0,,$0.00 ,$20.00 
6/4/2020,Dividend,0,BND,$0.00 ,$0.34 
6/15/2020,Deposit,0,,$0.00 ,$220.00 
6/15/2020,Bought,2,DUK,$85.03 ,($170.06)
6/19/2020,Bought,1,DRIV,$14.55 ,($14.55)
6/19/2020,Bought,1,SPEM,$34.06 ,($34.06)
6/19/2020,Bought,2,VEA,$39.68 ,($79.36)
6/22/2020,Transfer From Savings,0,,$0.00 ,$680.00 
6/22/2020,Bought,1,VEA,$39.33 ,($39.33)
6/22/2020,Bought,8,VYM,$79.73 ,($637.83)
6/25/2020,Reinvestment,0.01039,VEA,$38.50 ,($0.40)
6/25/2020,Dividend,0,VEA,$0.00 ,$0.40 
6/29/2020,Transfer From Savings,0,,$0.00 ,"$1,500.00 "
6/29/2020,Transfer From Savings,0,,$0.00 ,$600.00 
6/29/2020,Reinvestment,0.00901,SPEM,$33.30 ,($0.30)
6/29/2020,Dividend,0,SPEM,$0.00 ,$0.30 
6/29/2020,Bought,1,DRIV,$14.25 ,($14.25)
6/29/2020,Bought,2,CVS,$64.52 ,($129.03)
6/29/2020,Bought,1,DUK,$79.64 ,($79.64)
6/29/2020,Bought,1,MSFT,$197.19 ,($197.19)
6/29/2020,Bought,5,SO,$51.14 ,($255.69)
6/29/2020,Bought,2,JPM,$93.49 ,($186.99)
6/29/2020,Bought,3,O,$59.06 ,($177.17)
6/29/2020,Bought,4,VZ,$54.03 ,($216.10)
6/29/2020,Bought,5,PFE,$32.46 ,($162.29)
6/29/2020,Bought,8,T,$29.65 ,($237.23)
6/29/2020,Bought,2,VYM,$77.64 ,($155.28)
6/29/2020,Bought,5,ALLY,$19.34 ,($96.69)
6/29/2020,Bought,1,V,$190.44 ,($190.44)
7/2/2020,Reinvestment,0.00993,VOO,$289.08 ,($2.87)
7/2/2020,Dividend,0,VOO,$0.00 ,$2.87 
7/2/2020,Deposit,0,,$0.00 ,$20.00 
7/7/2020,Reinvestment,0.00362,BND,$88.34 ,($0.32)
7/7/2020,Dividend,0,BND,$0.00 ,$0.32 
7/8/2020,Reinvestment,0.00327,DRIV,$0.00 ,($0.05)
7/8/2020,Dividend,0,DRIV,$0.00 ,$0.05 
7/15/2020,Reinvestment,0.012,O,$58.35 ,($0.70)
7/15/2020,Dividend,0,O,$0.00 ,$0.70 
7/20/2020,Withdrawal,0,,$0.00 ,($73.93)
7/21/2020,Deposit,0,,$0.00 ,$50.00 
7/21/2020,Bought,1,KO,$47.56 ,($47.56)
7/22/2020,Deposit,0,,$0.00 ,$248.00 
7/22/2020,Bought,1,VNQ,$78.69 ,($78.69)
7/22/2020,Bought,2,SBUX,$76.64 ,($153.28)
7/22/2020,Bought,1,KO,$47.19 ,($47.19)
7/29/2020,Transfer From Savings,0,,$0.00 ,$150.00 
7/29/2020,Bought,3,INTC,$48.19 ,($144.56)
7/31/2020,Reinvestment,0.01878,JPM,$95.84 ,($1.80)
7/31/2020,Dividend,0,JPM,$0.00 ,$1.80 
8/3/2020,Reinvestment,0.01578,CVS,$63.39 ,($1.00)
8/3/2020,Reinvestment,0.14087,T,$29.53 ,($4.16)
8/3/2020,Reinvestment,0.04295,VZ,$57.28 ,($2.46)
8/3/2020,Dividend,0,VZ,$0.00 ,$2.46 
8/3/2020,Dividend,0,CVS,$0.00 ,$1.00 
8/3/2020,Dividend,0,T,$0.00 ,$4.16 
8/6/2020,Reinvestment,0.00357,BND,$89.52 ,($0.32)
8/6/2020,Dividend,0,BND,$0.00 ,$0.32 
8/14/2020,Reinvestment,0.08627,ALLY,$22.02 ,($1.90)
8/14/2020,Reinvestment,0.01145,O,$61.14 ,($0.70)
8/14/2020,Dividend,0,O,$0.00 ,$0.70 
8/14/2020,Dividend,0,ALLY,$0.00 ,$1.90 
8/21/2020,Reinvestment,0.01067,SBUX,$76.87 ,($0.82)
8/21/2020,Dividend,0,SBUX,$0.00 ,$0.82 
8/21/2020,Deposit,0,,$0.00 ,$50.00 
8/27/2020,Deposit,0,,$0.00 ,$50.00 
8/27/2020,Bought,1,PFE,$37.79 ,($37.79)
8/27/2020,Bought,1,T,$29.86 ,($29.86)
8/27/2020,Bought,1,SPEM,$37.40 ,($37.40)
8/31/2020,Transfer From Savings,0,,$0.00 ,$260.00  
8/31/2020,Bought,2,AAPL,$128.25 ,($256.50)
8/31/2020,Bought,2,AAPL,$128.27 ,($256.54)
8/31/2020,Canceled,-2,AAPL,$128.27 ,$256.54
9/1/2020,Reinvestment,0.05051,PFE,$37.62 ,($1.90)
9/1/2020,Reinvestment,0.00141,V,$212.77 ,($0.30)
9/1/2020,Reinvestment,0.01967,INTC,$50.33 ,($0.99)
9/1/2020,Dividend,0,V,$0.00 ,$0.30 
9/1/2020,Dividend,0,INTC,$0.00 ,$0.99 
9/1/2020,Dividend,0,PFE,$0.00 ,$1.90 
9/4/2020,Reinvestment,0.0035,BND,$88.49 ,($0.31)
9/4/2020,Dividend,0,BND,$0.00 ,$0.31 
9/8/2020,Reinvestment,0.06156,SO,$51.98 ,($3.20)
9/8/2020,Dividend,0,SO,$0.00 ,$3.20 
9/8/2020,Deposit,0,,$0.00 ,$600.00 
9/8/2020,Bought,1,CVS,$59.78 ,($59.78)
9/8/2020,Bought,1,AAPL,$117.79 ,($117.79)
9/8/2020,Bought,1,O,$64.58 ,($64.58)
9/8/2020,Bought,1,VYM,$82.12 ,($82.12)
9/8/2020,Bought,1,VZ,$59.94 ,($59.94)
9/8/2020,Bought,1,MSFT,$208.38 ,($208.38)
9/10/2020,Reinvestment,0.00239,MSFT,$213.46 ,($0.51)
9/10/2020,Dividend,0,MSFT,$0.00 ,$0.51 
9/15/2020,Reinvestment,0.01074,O,$66.10 ,($0.71)
9/15/2020,Dividend,0,O,$0.00 ,$0.71 
9/16/2020,Reinvestment,0.03399,DUK,$85.32 ,($2.90)
9/16/2020,Dividend,0,DUK,$0.00 ,$2.90 
9/21/2020,Deposit,0,,$0.00 ,$50.00 
9/21/2020,Bought,1,ALLY,$24.41 ,($24.41)
9/21/2020,Bought,1,T,$28.40 ,($28.40)
9/24/2020,Reinvestment,0.0994,VYM,$78.07 ,($7.76)
9/24/2020,Reinvestment,0.0165,VEA,$40.00 ,($0.66)
9/24/2020,Dividend,0,VEA,$0.00 ,$0.66 
9/24/2020,Dividend,0,VYM,$0.00 ,$7.76 
9/25/2020,Transfer From Savings,0,,$0.00 ,$57.00 
9/25/2020,Bought,2,T,$28.06 ,($56.12)
9/30/2020,Reinvestment,0.00741,VNQ,$79.62 ,($0.59)
9/30/2020,Dividend,0,VNQ,$0.00 ,$0.59 
10/1/2020,Reinvestment,0.01657,KO,$49.49 ,($0.82)
10/1/2020,Dividend,0,KO,$0.00 ,$0.82 
10/2/2020,Reinvestment,0.00857,VOO,$306.76 ,($2.63)
10/2/2020,Dividend,0,VOO,$0.00 ,$2.63 
10/6/2020,Reinvestment,0.00342,BND,$87.84 ,($0.30)
10/6/2020,Dividend,0,BND,$0.00 ,$0.30 
10/15/2020,Reinvestment,0.01548,O,$60.71 ,($0.94)
10/15/2020,Dividend,0,O,$0.00 ,$0.94 
10/21/2020,Deposit,0,,$0.00 ,$50.00 
10/23/2020,Bought,1,INTC,$48.18 ,($48.18)
11/2/2020,Reinvestment,0.232,T,$27.20 ,($6.31)
11/2/2020,Reinvestment,0.01853,JPM,$98.22 ,($1.82)
11/2/2020,Reinvestment,0.05501,VZ,$57.44 ,($3.16)
11/2/2020,Reinvestment,0.02661,CVS,$56.74 ,($1.51)
11/2/2020,Dividend,0,CVS,$0.00 ,$1.51 
11/2/2020,Dividend,0,JPM,$0.00 ,$1.82 
11/2/2020,Dividend,0,T,$0.00 ,$6.31 
11/2/2020,Dividend,0,VZ,$0.00 ,$3.16 
11/5/2020,Reinvestment,0.0034,BND,$88.21 ,($0.30)
11/5/2020,Dividend,0,BND,$0.00 ,$0.30 
11/12/2020,Reinvestment,0.00519,AAPL,$119.49 ,($0.62)
11/12/2020,Dividend,0,AAPL,$0.00 ,$0.62 
11/13/2020,Reinvestment,0.07114,ALLY,$29.66 ,($2.11)
11/13/2020,Reinvestment,0.0152,O,$62.52 ,($0.95)
11/13/2020,Dividend,0,O,$0.00 ,$0.95 
11/13/2020,Dividend,0,ALLY,$0.00 ,$2.11 
11/16/2020,Transfer From Savings,0,,$0.00 ,$130.00 
11/16/2020,Sold,-2,DRIV,$20.67 ,$41.31 
11/16/2020,Bought,5,MDU,$25.45 ,($127.24)
11/16/2020,Bought,2,MDU,$25.43 ,($50.86)
11/17/2020,Stock Split,0.75074,VTRS,$0.00 ,$0.00 
11/17/2020,Sold,-0.00327,DRIV,$0.00 ,$0.06 
11/19/2020,Transfer From Savings,0,,$0.00 ,$6.00 
11/19/2020,Sold,-1,VNQ,$84.91 ,$84.89 
11/19/2020,Bought,1,MDU,$24.73 ,($24.73)
11/19/2020,Bought,1,INTC,$45.53 ,($45.53)
11/19/2020,Bought,1,T,$28.24 ,($28.24)
11/20/2020,Sold,-0.00741,VNQ,$0.00 ,$0.62 
11/23/2020,Deposit,0,,$0.00 ,$50.00 
11/23/2020,Bought,1,PFE,$36.83 ,($36.83)
11/27/2020,Reinvestment,0.00913,SBUX,$98.59 ,($0.90)
11/27/2020,Dividend,0,SBUX,$0.00 ,$0.90 
12/1/2020,Reinvestment,0.00151,V,$211.92 ,($0.32)
12/1/2020,Reinvestment,0.02693,INTC,$49.39 ,($1.33)
12/1/2020,Reinvestment,0.05779,PFE,$39.80 ,($2.30)
12/1/2020,Dividend,0,PFE,$0.00 ,$2.30 
12/1/2020,Dividend,0,INTC,$0.00 ,$1.33 
12/1/2020,Dividend,0,V,$0.00 ,$0.32 
12/4/2020,Reinvestment,0.0033,BND,$87.91 ,($0.29)
12/4/2020,Dividend,0,BND,$0.00 ,$0.29 
12/7/2020,Reinvestment,0.05266,SO,$61.53 ,($3.24)
12/7/2020,Dividend,0,SO,$0.00 ,$3.24 
12/8/2020,Transfer From Savings,0,,$0.00 ,$450.00 
12/8/2020,Bought,0.03162,AMZN,"$3,162.26 ",($100.00)
12/8/2020,Bought,0.45815,PYPL,$218.27 ,($100.00)
12/8/2020,Bought,0.0553,GOOGL,"$1,808.48 ",($100.00)
12/8/2020,Bought,0.09281,NVDA,$538.73 ,($50.00)
12/8/2020,Bought,1,IRBT,$77.52 ,($77.52)
12/8/2020,Bought,0.00711,AMZN,"$3,169.67 ",($22.53)
12/10/2020,Reinvestment,0.00527,MSFT,$212.40 ,($1.12)
12/10/2020,Dividend,0,MSFT,$0.00 ,$1.12 
12/10/2020,Bought,0.0025,AMZN,"$3,104.00 ",($7.76)
12/15/2020,Reinvestment,0.01539,KO,$53.93 ,($0.83)
12/15/2020,Reinvestment,0.01573,O,$60.39 ,($0.95)
12/15/2020,Dividend,0,O,$0.00 ,$0.95 
12/15/2020,Dividend,0,KO,$0.00 ,$0.83 
12/16/2020,Reinvestment,0.03174,DUK,$92.31 ,($2.93)
12/16/2020,Dividend,0,DUK,$0.00 ,$2.93 
12/21/2020,Transfer From Savings,0,,$0.00 ,$150.00 
12/21/2020,Deposit,0,,$0.00 ,$50.00 
12/21/2020,Bought,1,CVS,$68.38 ,($68.38)
12/21/2020,Bought,1,VYM,$89.61 ,($89.61)
12/21/2020,Bought,1,KO,$52.52 ,($52.52)
12/24/2020,Reinvestment,0.09981,VYM,$90.07 ,($8.99)
12/24/2020,Reinvestment,0.02697,VEA,$46.72 ,($1.26)
12/24/2020,Dividend,0,VEA,$0.00 ,$1.26 
12/24/2020,Dividend,0,VYM,$0.00 ,$8.99 
12/28/2020,Reinvestment,0.00818,VOO,$341.20 ,($2.79)
12/28/2020,Dividend,0,VOO,$0.00 ,$2.79 
12/29/2020,Reinvestment,0.02474,SPEM,$41.63 ,($1.03)
12/29/2020,Reinvestment,0.00682,BND,$87.98 ,($0.60)
12/29/2020,Dividend,0,SPEM,$0.00 ,$1.03 
12/29/2020,Dividend,0,BND,$0.00 ,$0.30 
12/29/2020,Dividend,0,BND,$0.00 ,$0.08 
1/4/2021,Reinvestment,0.06466,MDU,$26.29 ,($1.70)
1/4/2021,Dividend,0,MDU,$0.00 ,$1.70 
1/15/2021,Reinvestment,0.01665,O,$57.66 ,($0.96)
1/15/2021,Dividend,0,O,$0.00 ,$0.96 
1/19/2021,Transfer From Savings,0,,$0.00 ,$200.00 
1/19/2021,Bought,1,MDU,$27.79 ,($27.79)
1/19/2021,Bought,1,VYM,$95.10 ,($95.10)
1/19/2021,Bought,1,MDU,$27.84 ,($27.84)
1/19/2021,Bought,1,KO,$48.37 ,($48.37)
1/21/2021,Deposit,0,,$0.00 ,$50.00 
1/21/2021,Bought,1,GM,$55.13 ,($55.13)
1/25/2021,Sold,-1,IRBT,$139.62 ,$139.62 
1/29/2021,Bought,0.19324,INTU,$362.24 ,($70.00)
2/1/2021,Reinvestment,0.24318,T,$28.58 ,($6.95)
2/1/2021,Reinvestment,0.01415,JPM,$129.30 ,($1.83)
2/1/2021,Reinvestment,0.0588,VZ,$54.42 ,($3.20)
2/1/2021,Reinvestment,0.02816,CVS,$71.72 ,($2.02)
2/1/2021,Dividend,0,CVS,$0.00 ,$2.02 
2/1/2021,Dividend,0,JPM,$0.00 ,$1.83 
2/1/2021,Dividend,0,VZ,$0.00 ,$3.20 
2/1/2021,Dividend,0,T,$0.00 ,$6.95 
2/4/2021,Reinvestment,0.00322,BND,$86.97 ,($0.28)
2/4/2021,Dividend,0,BND,$0.00 ,$0.28 
2/8/2021,Bought,0.05154,INTU,$388.04 ,($20.00)
2/11/2021,Reinvestment,0.00455,AAPL,$136.22 ,($0.62)
2/11/2021,Dividend,0,AAPL,$0.00 ,$0.62 
2/12/2021,Reinvestment,0.05107,ALLY,$41.51 ,($2.12)
2/12/2021,Dividend,0,ALLY,$0.00 ,$2.12 
2/16/2021,Reinvestment,0.01539,O,$62.36 ,($0.96)
2/16/2021,Dividend,0,O,$0.00 ,$0.96 
2/17/2021,Sold,-1,VYM,$96.24 ,$96.22 
2/17/2021,Sold,-1,VOO,$359.77 ,$359.75 
2/17/2021,Bought,1,MDU,$27.92 ,($27.92)
2/17/2021,Bought,1,MDU,$27.92 ,($27.92)
2/17/2021,Bought,2,CVS,$72.70 ,($145.40)
2/17/2021,Bought,4,ALLY,$42.00 ,($167.98)
2/18/2021,Transfer From Savings,0,,$0.00 ,$200.00 
2/18/2021,Sold,-1,SO,$60.01 ,$59.99 
2/18/2021,Sold,-2,PFE,$34.67 ,$69.32 
2/18/2021,Bought,1,MSFT,$243.02 ,($243.02)
2/18/2021,Bought,1,ALLY,$41.39 ,($41.39)
2/22/2021,Deposit,0,,$0.00 ,$50.00 
3/1/2021,Reinvestment,0.00148,V,$216.22 ,($0.32)
3/1/2021,Reinvestment,0.02786,INTC,$62.81 ,($1.75)
3/1/2021,Dividend,0,V,$0.00 ,$0.32 
3/1/2021,Dividend,0,INTC,$0.00 ,$1.75 
3/4/2021,Reinvestment,0.00304,BND,$85.41 ,($0.26)
3/4/2021,Dividend,0,BND,$0.00 ,$0.26 
3/5/2021,Reinvestment,0.08059,PFE,$34.37 ,($2.77)
3/5/2021,Reinvestment,0.00869,SBUX,$104.75 ,($0.91)
3/5/2021,Dividend,0,PFE,$0.00 ,$2.77 
3/5/2021,Dividend,0,SBUX,$0.00 ,$0.91 
3/8/2021,Reinvestment,0.05573,SO,$58.68 ,($3.27)
3/8/2021,Dividend,0,SO,$0.00 ,$3.27 
3/8/2021,Bought,0.03097,NVDA,$463.70 ,($14.36)
3/11/2021,Reinvestment,0.00473,MSFT,$236.55 ,($1.12)
3/11/2021,Dividend,0,MSFT,$0.00 ,$1.12 
3/15/2021,Reinvestment,0.0153,O,$62.74 ,($0.96)
3/15/2021,Dividend,0,O,$0.00 ,$0.96 
3/16/2021,Reinvestment,0.03201,DUK,$92.47 ,($2.96)
3/16/2021,Dividend,0,DUK,$0.00 ,$2.96 
3/22/2021,Deposit,0,,$0.00 ,$50.00 
3/25/2021,Transfer From Savings,0,,$0.00 ,$40.00 
3/25/2021,Reinvestment,0.01463,VEA,$48.53 ,($0.71)
3/25/2021,Reinvestment,0.08137,VYM,$98.44 ,($8.01)
3/25/2021,Dividend,0,VYM,$0.00 ,$8.01 
3/25/2021,Dividend,0,VEA,$0.00 ,$0.71 
3/25/2021,Bought,0.08049,NVDA,$496.94 ,($40.00)
3/31/2021,Reinvestment,0.00357,VOO,$364.18 ,($1.30)
3/31/2021,Reinvestment,0.000037,NVDA,$540.54 ,($0.02)
3/31/2021,Dividend,0,VOO,$0.00 ,$1.30 
4/1/2021,Reinvestment,0.08084,MDU,$31.67 ,($2.56)
4/1/2021,Reinvestment,0.032,KO,$52.81 ,($1.69)
4/1/2021,Dividend,0,KO,$0.00 ,$1.69 
4/1/2021,Dividend,0,MDU,$0.00 ,$2.56 
4/1/2021,Bought,1,VTRS,$13.92 ,($13.92)
4/5/2021,Transfer To Savings,0,,$0.00 ,($217.96)
4/5/2021,Transfer From Savings,0,,$0.00 ,$217.96 
4/5/2021,Bought,3,BMBL,$63.46 ,($190.38)
4/7/2021,Reinvestment,0.00459,BND,$84.93 ,($0.39)
4/7/2021,Dividend,0,BND,$0.00 ,$0.28 
4/7/2021,Dividend,0,BND,$0.00 ,$0.01 
4/7/2021,Cash Movement,0,BND,$0.00 ,$0.10 
4/9/2021,Bought,0.16363,BMBL,$61.12 ,($10.00)
4/15/2021,Reinvestment,0.01469,O,$66.05 ,($0.97)
4/15/2021,Dividend,0,O,$0.00 ,$0.97 
4/19/2021,Reinvestment,0.00035,INTU,$401.15 ,($0.14)
4/20/2021,Bought,0.17997,BMBL,$55.57 ,($10.00)
4/21/2021,Deposit,0,,$0.00 ,$50.00 
4/29/2021,Transfer From Savings,0,,$0.00 ,$5.00 
4/29/2021,Sold,-2,INTC,$58.05 ,$116.09 
4/29/2021,Sold,-1,VYM,$104.21 ,$104.19 
4/29/2021,Bought,1,GM,$56.62 ,($56.62)
4/29/2021,Bought,2,LOGI,$108.74 ,($217.48)
4/30/2021,Reinvestment,0.01204,JPM,$153.71 ,($1.85)
4/30/2021,Dividend,0,JPM,$0.00 ,$1.85 
5/3/2021,Reinvestment,0.22395,T,$31.61 ,($7.08)
5/3/2021,Reinvestment,0.03897,CVS,$78.02 ,($3.04)
5/3/2021,Reinvestment,0.0557,VZ,$58.17 ,($3.24)
5/3/2021,Dividend,0,T,$0.00 ,$7.08 
5/3/2021,Dividend,0,CVS,$0.00 ,$3.04 
5/3/2021,Dividend,0,VZ,$0.00 ,$3.24 
5/6/2021,Reinvestment,0.00316,BND,$85.33 ,($0.27)
5/6/2021,Dividend,0,BND,$0.00 ,$0.27 
5/12/2021,Bought,0.42751,BMBL,$46.78 ,($20.00)
5/13/2021,Transfer From Savings,0,,$0.00 ,$300.00 
5/13/2021,Reinvestment,0.00526,AAPL,$125.50 ,($0.66)
5/13/2021,Dividend,0,AAPL,$0.00 ,$0.66 
5/13/2021,Bought,3,LOGI,$99.32 ,($297.95)
5/13/2021,Bought,0.50594,BMBL,$39.53 ,($20.00)
5/14/2021,Reinvestment,0.05739,ALLY,$53.67 ,($3.08)
5/14/2021,Reinvestment,0.01485,O,$65.32 ,($0.97)
5/14/2021,Dividend,0,O,$0.00 ,$0.97 
5/14/2021,Dividend,0,ALLY,$0.00 ,$3.08 
5/21/2021,Deposit,0,,$0.00 ,$50.00 
5/28/2021,Reinvestment,0.00799,SBUX,$113.86 ,($0.91)
5/28/2021,Dividend,0,SBUX,$0.00 ,$0.91 
6/1/2021,Reinvestment,0.0014,V,$228.57 ,($0.32)
6/1/2021,Reinvestment,0.01856,INTC,$57.65 ,($1.07)
6/1/2021,Dividend,0,INTC,$0.00 ,$1.07 
6/1/2021,Dividend,0,V,$0.00 ,$0.32 
6/4/2021,Reinvestment,0.05169,PFE,$39.08 ,($2.02)
6/4/2021,Reinvestment,0.00317,BND,$85.19 ,($0.27)
6/4/2021,Dividend,0,PFE,$0.00 ,$2.02 
6/4/2021,Dividend,0,BND,$0.00 ,$0.27 
6/7/2021,Reinvestment,0.04269,SO,$64.42 ,($2.75)
6/7/2021,Dividend,0,SO,$0.00 ,$2.75 
6/10/2021,Reinvestment,0.00662,MSFT,$255.30 ,($1.69)
6/10/2021,Dividend,0,MSFT,$0.00 ,$1.69 
6/15/2021,Reinvestment,0.01395,O,$70.23 ,($0.98)
6/15/2021,Dividend,0,O,$0.00 ,$0.98 
6/16/2021,Reinvestment,0.02885,DUK,$103.64 ,($2.99)
6/16/2021,Reinvestment,0.01238,VTRS,$15.35 ,($0.19)
6/16/2021,Dividend,0,DUK,$0.00 ,$2.99 
6/16/2021,Dividend,0,VTRS,$0.00 ,$0.19 
6/21/2021,Deposit,0,,$0.00 ,$50.00 
6/24/2021,Reinvestment,0.0244,VEA,$52.05 ,($1.27)
6/24/2021,Reinvestment,0.08159,VYM,$104.06 ,($8.49)
6/24/2021,Dividend,0,VEA,$0.00 ,$1.27 
6/24/2021,Dividend,0,VYM,$0.00 ,$8.49 
6/28/2021,Reinvestment,0.0157,SPEM,$45.86 ,($0.72)
6/28/2021,Dividend,0,SPEM,$0.00 ,$0.72 
6/29/2021,Bought,1,MDU,$31.02 ,($31.02)
7/1/2021,Reinvestment,0.0315,KO,$54.29 ,($1.71)
7/1/2021,Reinvestment,0.08188,MDU,$31.51 ,($2.58)
7/1/2021,Reinvestment,0.00004,NVDA,$810.81 ,($0.03)
7/1/2021,Dividend,0,MDU,$0.00 ,$2.58 
7/1/2021,Dividend,0,KO,$0.00 ,$1.71 
7/2/2021,Reinvestment,0.00345,VOO,$397.01 ,($1.37)
7/2/2021,Dividend,0,VOO,$0.00 ,$1.37 
7/7/2021,Reinvestment,0.00313,BND,$86.32 ,($0.27)
7/7/2021,Dividend,0,BND,$0.00 ,$0.27 
7/15/2021,Reinvestment,0.01421,O,$68.99 ,($0.98)
7/15/2021,Dividend,0,O,$0.00 ,$0.98 
7/19/2021,Transfer From Savings,0,,$0.00 ,$74.00 
7/19/2021,Reinvestment,0.00028,INTU,$501.79 ,($0.14)
7/19/2021,Bought,1,VEA,$49.86 ,($49.86)
7/19/2021,Bought,1,ALLY,$47.50 ,($47.50)
7/19/2021,Bought,1,ALLY,$47.66 ,($47.66)
7/20/2021,Stock Split,0.61304,NVDA,$0.00 ,$0.00 
7/21/2021,Deposit,0,,$0.00 ,$50.00
8/2/2021,Reinvestment,0.0584,VZ,$55.99 ,($3.27)
8/2/2021,Dividend,0,VZ,$0.00 ,$3.27
8/2/2021,Reinvestment,0.0121,JPM,$153.72 ,($1.86)
8/2/2021,Dividend,0,JPM,$0.00 ,$1.86
8/2/2021,Reinvestment,0.037,CVS,$82.43 ,($3.05)
8/2/2021,Dividend,0,CVS,$0.00 ,$3.05
8/2/2021,Reinvestment,0.254,T,$28.35 ,($7.20)
8/2/2021,Dividend,0,T,$0.00 ,$7.20
8/4/2021,Bought,1,GM,$52.51 ,($52.51)
8/5/2021,Reinvestment,0.0032,BND,$87.50 ,($0.28)
8/5/2021,Dividend,0,BND,$0.00 ,$0.28
8/12/2021,Reinvestment,0.0045,AAPL,$146.46 ,($0.66)
8/12/2021,Dividend,0,AAPL,$0.00 ,$0.66
8/13/2021,Reinvestment,0.0139,O,$71.23 ,($0.99)
8/13/2021,Dividend,0,O,$0.00,$0.99
8/16/2021,Reinvestment,0.0849,ALLY,$53.83,($4.57)
8/16/2021,Dividend,0,ALLY,$0.00,$4.57
8/21/2021,Deposit,0,,$0.00,$50.00
8/27/2021,Reinvestment,0.0080,SBUX,$114.44,($0.92)
8/27/2021,Dividend,0,SBUX,$0.00,$0.92
8/31/2021,Transfer From Savings,0,,$0.00,$200.00
8/31/2021,Bought,1,TGT,$247.11,($247.11)
8/31/2021,Transfer From Savings,0,,$0.00,$100.00
8/31/2021,Bought,1,LOGI,$102.55,($102.55)
9/1/2021,Reinvestment,0.0198,INTC,$54.04,($1.07)
9/1/2021,Dividend,0,INTC,$0.00,$1.07
9/1/2021,Reinvestment,0.0014,V,$228.57,($0.32)
9/1/2021,Dividend,0,V,$0.00,$0.32
9/8/2021,Reinvestment,0.0033,BND,$84.84,($0.28)
9/8/2021,Dividend,0,BND,$0.00,$0.28
9/8/2021,Reinvestment,0.0436,PFE,$46.75,($2.04)
9/8/2021,Dividend,0,PFE,$0.00,$2.04
9/8/2021,Reinvestment,0.0419,SO,$66.35,($2.78)
9/8/2021,Dividend,0,SO,$0.00,$2.78
9/10/2021,Reinvestment,0.0056,MSFT,$301.79,($1.69)
9/10/2021,Dividend,0,MSFT,$0.00,$1.69
9/16/2021,Reinvestment,0.0145,O,$68.28,($0.99)
9/16/2021,Dividend,0,O,$0.00,$0.99
9/17/2021,Reinvestment,0.0138,VTRS,$13.76,($0.19)
9/17/2021,Dividend,0,VTRS,$0.00,$0.19
9/17/2021,Reinvestment,0.0302,DUK,$101.98,($3.08)
9/17/2021,Dividend,0,DUK,$0.00,$3.08
9/17/2021,Transfer From Savings,0,,$0.00,$200.00
9/17/2021,Bought,1,VYM,$104.90,($104.90)
9/17/2021,Bought,2,MDU,$29.98,($59.95)
9/17/2021,Bought,2,VTRS,$13.60,($27.21)
9/21/2021,Deposit,0,,$0.00,$50.00
9/21/2021,Bought,1,VZ,$54.13,($54.13)
